segment,country,product,discount_band,units_sold,sale_price,sales,date,month_name,year
Government,Canada,Carretera,,1618.5,20,32370.0,2014-01-01,January,2014
Government,Germany,Carretera,,1321.0,20,26420.0,2014-01-01,January,2014
Midmarket,France,Carretera,,2178.0,15,32670.0,2014-06-01,June,2014
Midmarket,Germany,Carretera,,888.0,15,13320.0,2014-06-01,June,2014
Midmarket,Mexico,Carretera,,2470.0,15,37050.0,2014-06-01,June,2014
Government,Germany,Carretera,,1513.0,350,529550.0,2014-12-01,December,2014
Midmarket,Germany,Montana,,921.0,15,13815.0,2014-03-01,March,2014
Channel Partners,Canada,Montana,,2518.0,12,30216.0,2014-06-01,June,2014
Government,France,Montana,,1899.0,20,37980.0,2014-06-01,June,2014
Channel Partners,Germany,Montana,,1545.0,12,18540.0,2014-06-01,June,2014
Midmarket,Mexico,Montana,,2470.0,15,37050.0,2014-06-01,June,2014
Enterprise,Canada,Montana,,2665.5,125,333187.5,2014-07-01,July,2014
Small Business,Mexico,Montana,,958.0,300,287400.0,2014-08-01,August,2014
Government,Germany,Montana,,2146.0,7,15022.0,2014-09-01,September,2014
Enterprise,Canada,Montana,,345.0,125,43125.0,2013-10-01,October,2013
Midmarket,United States of America,Montana,,615.0,15,9225.0,2014-12-01,December,2014
Government,Canada,Paseo,,292.0,20,5840.0,2014-02-01,February,2014
Midmarket,Mexico,Paseo,,974.0,15,14610.0,2014-02-01,February,2014
Channel Partners,Canada,Paseo,,2518.0,12,30216.0,2014-06-01,June,2014
Government,Germany,Paseo,,1006.0,350,352100.0,2014-06-01,June,2014
Channel Partners,Germany,Paseo,,367.0,12,4404.0,2014-07-01,July,2014
Government,Mexico,Paseo,,883.0,7,6181.0,2014-08-01,August,2014
Midmarket,France,Paseo,,549.0,15,8235.0,2013-09-01,September,2013
Small Business,Mexico,Paseo,,788.0,300,236400.0,2013-09-01,September,2013
Midmarket,Mexico,Paseo,,2472.0,15,37080.0,2014-09-01,September,2014
Government,United States of America,Paseo,,1143.0,7,8001.0,2014-10-01,October,2014
Government,Canada,Paseo,,1725.0,350,603750.0,2013-11-01,November,2013
Channel Partners,United States of America,Paseo,,912.0,12,10944.0,2013-11-01,November,2013
Midmarket,Canada,Paseo,,2152.0,15,32280.0,2013-12-01,December,2013
Government,Canada,Paseo,,1817.0,20,36340.0,2014-12-01,December,2014
Government,Germany,Paseo,,1513.0,350,529550.0,2014-12-01,December,2014
Government,Mexico,Velo,,1493.0,7,10451.0,2014-01-01,January,2014
Enterprise,France,Velo,,1804.0,125,225500.0,2014-02-01,February,2014
Channel Partners,Germany,Velo,,2161.0,12,25932.0,2014-03-01,March,2014
Government,Germany,Velo,,1006.0,350,352100.0,2014-06-01,June,2014
Channel Partners,Germany,Velo,,1545.0,12,18540.0,2014-06-01,June,2014
Enterprise,United States of America,Velo,,2821.0,125,352625.0,2014-08-01,August,2014
Enterprise,Canada,Velo,,345.0,125,43125.0,2013-10-01,October,2013
Small Business,Canada,VTT,,2001.0,300,600300.0,2014-02-01,February,2014
Channel Partners,Germany,VTT,,2838.0,12,34056.0,2014-04-01,April,2014
Midmarket,France,VTT,,2178.0,15,32670.0,2014-06-01,June,2014
Midmarket,Germany,VTT,,888.0,15,13320.0,2014-06-01,June,2014
Government,France,VTT,,1527.0,350,534450.0,2013-09-01,September,2013
Small Business,France,VTT,,2151.0,300,645300.0,2014-09-01,September,2014
Government,Canada,VTT,,1817.0,20,36340.0,2014-12-01,December,2014
Government,France,Amarilla,,2750.0,350,962500.0,2014-02-01,February,2014
Channel Partners,United States of America,Amarilla,,1953.0,12,23436.0,2014-04-01,April,2014
Enterprise,Germany,Amarilla,,4219.5,125,527437.5,2014-04-01,April,2014
Government,France,Amarilla,,1899.0,20,37980.0,2014-06-01,June,2014
Government,Germany,Amarilla,,1686.0,7,11802.0,2014-07-01,July,2014
Channel Partners,United States of America,Amarilla,,2141.0,12,25692.0,2014-08-01,August,2014
Government,United States of America,Amarilla,,1143.0,7,8001.0,2014-10-01,October,2014
Midmarket,United States of America,Amarilla,,615.0,15,9225.0,2014-12-01,December,2014
Government,France,Paseo,Low,3945.0,7,27338.850000000002,2014-01-01,January,2014
Midmarket,France,Paseo,Low,2296.0,15,34095.6,2014-02-01,February,2014
Government,France,Paseo,Low,1030.0,7,7137.9,2014-05-01,May,2014
Government,France,Velo,Low,639.0,7,4428.27,2014-11-01,November,2014
Government,Canada,VTT,Low,1326.0,7,9189.18,2014-03-01,March,2014
Channel Partners,United States of America,Carretera,Low,1858.0,12,22073.04,2014-02-01,February,2014
Government,Mexico,Carretera,Low,1210.0,350,419265.0,2014-03-01,March,2014
Government,United States of America,Carretera,Low,2529.0,7,17525.97,2014-07-01,July,2014
Channel Partners,Canada,Carretera,Low,1445.0,12,17166.6,2014-09-01,September,2014
Enterprise,United States of America,Carretera,Low,330.0,125,40837.5,2013-09-01,September,2013
Channel Partners,France,Carretera,Low,2671.0,12,31731.48,2014-09-01,September,2014
Channel Partners,Germany,Carretera,Low,766.0,12,9100.08,2013-10-01,October,2013
Small Business,Mexico,Carretera,Low,494.0,300,146718.0,2013-10-01,October,2013
Government,Mexico,Carretera,Low,1397.0,350,484060.5,2014-10-01,October,2014
Government,France,Carretera,Low,2155.0,350,746707.5,2014-12-01,December,2014
Midmarket,Mexico,Montana,Low,2214.0,15,32877.9,2014-03-01,March,2014
Small Business,United States of America,Montana,Low,2301.0,300,683397.0,2014-04-01,April,2014
Government,France,Montana,Low,1375.5,20,27234.899999999998,2014-07-01,July,2014
Government,Canada,Montana,Low,1830.0,7,12681.9,2014-08-01,August,2014
Small Business,United States of America,Montana,Low,2498.0,300,741906.0,2013-09-01,September,2013
Enterprise,United States of America,Montana,Low,663.0,125,82046.25,2013-10-01,October,2013
Midmarket,United States of America,Paseo,Low,1514.0,15,22482.9,2014-02-01,February,2014
Government,United States of America,Paseo,Low,4492.5,7,31133.024999999998,2014-04-01,April,2014
Enterprise,United States of America,Paseo,Low,727.0,125,89966.25,2014-06-01,June,2014
Enterprise,France,Paseo,Low,787.0,125,97391.25,2014-06-01,June,2014
Enterprise,Mexico,Paseo,Low,1823.0,125,225596.25,2014-07-01,July,2014
Midmarket,Germany,Paseo,Low,747.0,15,11092.95,2014-09-01,September,2014
Channel Partners,Germany,Paseo,Low,766.0,12,9100.08,2013-10-01,October,2013
Small Business,United States of America,Paseo,Low,2905.0,300,862785.0,2014-11-01,November,2014
Government,France,Paseo,Low,2155.0,350,746707.5,2014-12-01,December,2014
Government,France,Velo,Low,3864.0,20,76507.20000000001,2014-04-01,April,2014
Government,Mexico,Velo,Low,362.0,7,2508.66,2014-05-01,May,2014
Enterprise,Canada,Velo,Low,923.0,125,114221.25,2014-08-01,August,2014
Enterprise,United States of America,Velo,Low,663.0,125,82046.25,2013-10-01,October,2013
Government,Canada,Velo,Low,2092.0,7,14497.56,2013-11-01,November,2013
Government,Germany,VTT,Low,263.0,7,1822.59,2014-03-01,March,2014
Government,Canada,VTT,Low,943.5,350,326922.75,2014-04-01,April,2014
Enterprise,United States of America,VTT,Low,727.0,125,89966.25,2014-06-01,June,2014
Enterprise,France,VTT,Low,787.0,125,97391.25,2014-06-01,June,2014
Small Business,Germany,VTT,Low,986.0,300,292842.0,2014-09-01,September,2014
Small Business,Mexico,VTT,Low,494.0,300,146718.0,2013-10-01,October,2013
Government,Mexico,VTT,Low,1397.0,350,484060.5,2014-10-01,October,2014
Enterprise,France,VTT,Low,1744.0,125,215820.0,2014-11-01,November,2014
Channel Partners,United States of America,Amarilla,Low,1989.0,12,23629.32,2013-09-01,September,2013
Midmarket,France,Amarilla,Low,321.0,15,4766.85,2013-11-01,November,2013
Enterprise,Canada,Carretera,Low,742.5,125,90956.25,2014-04-01,April,2014
Channel Partners,Canada,Carretera,Low,1295.0,12,15229.2,2014-10-01,October,2014
Small Business,Germany,Carretera,Low,214.0,300,62916.0,2013-10-01,October,2013
Government,France,Carretera,Low,2145.0,7,14714.7,2013-11-01,November,2013
Government,Canada,Carretera,Low,2852.0,350,978236.0,2014-12-01,December,2014
Channel Partners,United States of America,Montana,Low,1142.0,12,13429.92,2014-06-01,June,2014
Government,United States of America,Montana,Low,1566.0,20,30693.6,2014-10-01,October,2014
Channel Partners,Mexico,Montana,Low,690.0,12,8114.4,2014-11-01,November,2014
Enterprise,Mexico,Montana,Low,1660.0,125,203350.0,2013-11-01,November,2013
Midmarket,Canada,Paseo,Low,2363.0,15,34736.1,2014-02-01,February,2014
Small Business,France,Paseo,Low,918.0,300,269892.0,2014-05-01,May,2014
Small Business,Germany,Paseo,Low,1728.0,300,508032.0,2014-05-01,May,2014
Channel Partners,United States of America,Paseo,Low,1142.0,12,13429.92,2014-06-01,June,2014
Enterprise,Mexico,Paseo,Low,662.0,125,81095.0,2014-06-01,June,2014
Channel Partners,Canada,Paseo,Low,1295.0,12,15229.2,2014-10-01,October,2014
Enterprise,Germany,Paseo,Low,809.0,125,99102.5,2013-10-01,October,2013
Enterprise,Mexico,Paseo,Low,2145.0,125,262762.5,2013-10-01,October,2013
Channel Partners,France,Paseo,Low,1785.0,12,20991.6,2013-11-01,November,2013
Small Business,Canada,Paseo,Low,1916.0,300,563304.0,2014-12-01,December,2014
Government,Canada,Paseo,Low,2852.0,350,978236.0,2014-12-01,December,2014
Enterprise,Canada,Paseo,Low,2729.0,125,334302.5,2014-12-01,December,2014
Midmarket,United States of America,Paseo,Low,1925.0,15,28297.5,2013-12-01,December,2013
Government,United States of America,Paseo,Low,2013.0,7,13809.18,2013-12-01,December,2013
Channel Partners,France,Paseo,Low,1055.0,12,12406.8,2014-12-01,December,2014
Channel Partners,Mexico,Paseo,Low,1084.0,12,12747.84,2014-12-01,December,2014
Government,United States of America,Velo,Low,1566.0,20,30693.6,2014-10-01,October,2014
Government,Germany,Velo,Low,2966.0,350,1017338.0,2013-10-01,October,2013
Government,Germany,Velo,Low,2877.0,350,986811.0,2014-10-01,October,2014
Enterprise,Germany,Velo,Low,809.0,125,99102.5,2013-10-01,October,2013
Enterprise,Mexico,Velo,Low,2145.0,125,262762.5,2013-10-01,October,2013
Channel Partners,France,Velo,Low,1055.0,12,12406.8,2014-12-01,December,2014
Government,Mexico,Velo,Low,544.0,20,10662.4,2013-12-01,December,2013
Channel Partners,Mexico,Velo,Low,1084.0,12,12747.84,2014-12-01,December,2014
Enterprise,Mexico,VTT,Low,662.0,125,81095.0,2014-06-01,June,2014
Small Business,Germany,VTT,Low,214.0,300,62916.0,2013-10-01,October,2013
Government,Germany,VTT,Low,2877.0,350,986811.0,2014-10-01,October,2014
Enterprise,Canada,VTT,Low,2729.0,125,334302.5,2014-12-01,December,2014
Government,United States of America,VTT,Low,266.0,350,91238.0,2013-12-01,December,2013
Government,Mexico,VTT,Low,1940.0,350,665420.0,2013-12-01,December,2013
Small Business,Germany,Amarilla,Low,259.0,300,76146.0,2014-03-01,March,2014
Small Business,Mexico,Amarilla,Low,1101.0,300,323694.0,2014-03-01,March,2014
Enterprise,Germany,Amarilla,Low,2276.0,125,278810.0,2014-05-01,May,2014
Government,Germany,Amarilla,Low,2966.0,350,1017338.0,2013-10-01,October,2013
Government,United States of America,Amarilla,Low,1236.0,20,24225.6,2014-11-01,November,2014
Government,France,Amarilla,Low,941.0,20,18443.6,2014-11-01,November,2014
Small Business,Canada,Amarilla,Low,1916.0,300,563304.0,2014-12-01,December,2014
Enterprise,France,Carretera,Low,4243.5,125,514524.375,2014-04-01,April,2014
Government,Germany,Carretera,Low,2580.0,20,50052.0,2014-04-01,April,2014
Small Business,Germany,Carretera,Low,689.0,300,200499.0,2014-06-01,June,2014
Channel Partners,United States of America,Carretera,Low,1947.0,12,22663.08,2014-09-01,September,2014
Channel Partners,Canada,Carretera,Low,908.0,12,10569.12,2013-12-01,December,2013
Government,Germany,Montana,Low,1958.0,7,13294.82,2014-02-01,February,2014
Channel Partners,France,Montana,Low,1901.0,12,22127.64,2014-06-01,June,2014
Government,France,Montana,Low,544.0,7,3693.76,2014-09-01,September,2014
Government,Germany,Montana,Low,1797.0,350,610081.5,2013-09-01,September,2013
Enterprise,France,Montana,Low,1287.0,125,156048.75,2014-12-01,December,2014
Enterprise,Germany,Montana,Low,1706.0,125,206852.5,2014-12-01,December,2014
Small Business,France,Paseo,Low,2434.5,300,708439.5,2014-01-01,January,2014
Enterprise,Canada,Paseo,Low,1774.0,125,215097.5,2014-03-01,March,2014
Channel Partners,France,Paseo,Low,1901.0,12,22127.64,2014-06-01,June,2014
Small Business,Germany,Paseo,Low,689.0,300,200499.0,2014-06-01,June,2014
Enterprise,Germany,Paseo,Low,1570.0,125,190362.5,2014-06-01,June,2014
Channel Partners,United States of America,Paseo,Low,1369.5,12,15940.98,2014-07-01,July,2014
Enterprise,Canada,Paseo,Low,2009.0,125,243591.25,2014-10-01,October,2014
Midmarket,Germany,Paseo,Low,1945.0,15,28299.75,2013-10-01,October,2013
Enterprise,France,Paseo,Low,1287.0,125,156048.75,2014-12-01,December,2014
Enterprise,Germany,Paseo,Low,1706.0,125,206852.5,2014-12-01,December,2014
Enterprise,Canada,Velo,Low,2009.0,125,243591.25,2014-10-01,October,2014
Small Business,United States of America,VTT,Low,2844.0,300,827604.0,2014-02-01,February,2014
Channel Partners,Mexico,VTT,Low,1916.0,12,22302.24,2014-04-01,April,2014
Enterprise,Germany,VTT,Low,1570.0,125,190362.5,2014-06-01,June,2014
Small Business,Canada,VTT,Low,1874.0,300,545334.0,2014-08-01,August,2014
Government,Mexico,VTT,Low,1642.0,350,557459.0,2014-08-01,August,2014
Midmarket,Germany,VTT,Low,1945.0,15,28299.75,2013-10-01,October,2013
Government,Canada,Carretera,Low,831.0,20,16121.4,2014-05-01,May,2014
Government,Mexico,Paseo,Low,1760.0,7,11950.4,2013-09-01,September,2013
Government,Canada,Velo,Low,3850.5,20,74699.70000000001,2014-04-01,April,2014
Channel Partners,Germany,VTT,Low,2479.0,12,28855.56,2014-01-01,January,2014
Midmarket,Mexico,Montana,Low,2031.0,15,29246.4,2014-10-01,October,2014
Midmarket,Mexico,Paseo,Low,2031.0,15,29246.4,2014-10-01,October,2014
Midmarket,France,Paseo,Low,2261.0,15,32558.4,2013-12-01,December,2013
Government,United States of America,Velo,Low,736.0,20,14131.2,2013-09-01,September,2013
Government,Canada,Carretera,Low,2851.0,7,19158.72,2013-10-01,October,2013
Small Business,Germany,Carretera,Low,2021.0,300,582048.0,2014-10-01,October,2014
Government,United States of America,Carretera,Low,274.0,350,92064.0,2014-12-01,December,2014
Midmarket,Canada,Montana,Low,1967.0,15,28324.8,2014-03-01,March,2014
Small Business,Germany,Montana,Low,1859.0,300,535392.0,2014-08-01,August,2014
Government,Canada,Montana,Low,2851.0,7,19158.72,2013-10-01,October,2013
Small Business,Germany,Montana,Low,2021.0,300,582048.0,2014-10-01,October,2014
Enterprise,Mexico,Montana,Low,1138.0,125,136560.0,2014-12-01,December,2014
Government,Canada,Paseo,Low,4251.0,7,28566.72,2014-01-01,January,2014
Enterprise,Germany,Paseo,Low,795.0,125,95400.0,2014-03-01,March,2014
Small Business,Germany,Paseo,Low,1414.5,300,407376.0,2014-04-01,April,2014
Small Business,United States of America,Paseo,Low,2918.0,300,840384.0,2014-05-01,May,2014
Government,United States of America,Paseo,Low,3450.0,350,1159200.0,2014-07-01,July,2014
Enterprise,France,Paseo,Low,2988.0,125,358560.0,2014-07-01,July,2014
Midmarket,Canada,Paseo,Low,218.0,15,3139.2,2014-09-01,September,2014
Government,Canada,Paseo,Low,2074.0,20,39820.8,2014-09-01,September,2014
Government,United States of America,Paseo,Low,1056.0,20,20275.2,2014-09-01,September,2014
Midmarket,United States of America,Paseo,Low,671.0,15,9662.4,2013-10-01,October,2013
Midmarket,Mexico,Paseo,Low,1514.0,15,21801.6,2013-10-01,October,2013
Government,United States of America,Paseo,Low,274.0,350,92064.0,2014-12-01,December,2014
Enterprise,Mexico,Paseo,Low,1138.0,125,136560.0,2014-12-01,December,2014
Channel Partners,United States of America,Velo,Low,1465.0,12,16876.8,2014-03-01,March,2014
Government,Canada,Velo,Low,2646.0,20,50803.2,2013-09-01,September,2013
Government,France,Velo,Low,2177.0,350,731472.0,2014-10-01,October,2014
Channel Partners,France,VTT,Low,866.0,12,9976.32,2014-05-01,May,2014
Government,United States of America,VTT,Low,349.0,350,117264.0,2013-09-01,September,2013
Government,France,VTT,Low,2177.0,350,731472.0,2014-10-01,October,2014
Midmarket,Mexico,VTT,Low,1514.0,15,21801.6,2013-10-01,October,2013
Government,Mexico,Amarilla,Low,1865.0,350,626640.0,2014-02-01,February,2014
Enterprise,Mexico,Amarilla,Low,1074.0,125,128880.0,2014-04-01,April,2014
Government,Germany,Amarilla,Low,1907.0,350,640752.0,2014-09-01,September,2014
Midmarket,United States of America,Amarilla,Low,671.0,15,9662.4,2013-10-01,October,2013
Government,Canada,Amarilla,Low,1778.0,350,597408.0,2013-12-01,December,2013
Government,Germany,Montana,Medium,1159.0,7,7707.35,2013-10-01,October,2013
Government,Germany,Paseo,Medium,1372.0,7,9123.8,2014-01-01,January,2014
Government,Canada,Paseo,Medium,2349.0,7,15620.85,2013-09-01,September,2013
Government,Mexico,Paseo,Medium,2689.0,7,17881.85,2014-10-01,October,2014
Channel Partners,Canada,Paseo,Medium,2431.0,12,27713.4,2014-12-01,December,2014
Channel Partners,Canada,Velo,Medium,2431.0,12,27713.4,2014-12-01,December,2014
Government,Mexico,VTT,Medium,2689.0,7,17881.85,2014-10-01,October,2014
Government,Mexico,Amarilla,Medium,1683.0,7,11191.95,2014-07-01,July,2014
Channel Partners,Mexico,Amarilla,Medium,1123.0,12,12802.2,2014-08-01,August,2014
Government,Germany,Amarilla,Medium,1159.0,7,7707.35,2013-10-01,October,2013
Channel Partners,France,Carretera,Medium,1865.0,12,21261.0,2014-02-01,February,2014
Channel Partners,Germany,Carretera,Medium,1116.0,12,12722.4,2014-02-01,February,2014
Government,France,Carretera,Medium,1563.0,20,29697.0,2014-05-01,May,2014
Small Business,United States of America,Carretera,Medium,991.0,300,282435.0,2014-06-01,June,2014
Government,Germany,Carretera,Medium,1016.0,7,6756.4,2013-11-01,November,2013
Midmarket,Mexico,Carretera,Medium,2791.0,15,39771.75,2014-11-01,November,2014
Government,United States of America,Carretera,Medium,570.0,7,3790.5,2014-12-01,December,2014
Government,France,Carretera,Medium,2487.0,7,16538.55,2014-12-01,December,2014
Government,France,Montana,Medium,1384.5,350,460346.25,2014-01-01,January,2014
Enterprise,United States of America,Montana,Medium,3627.0,125,430706.25,2014-07-01,July,2014
Government,Mexico,Montana,Medium,720.0,350,239400.0,2013-09-01,September,2013
Channel Partners,Germany,Montana,Medium,2342.0,12,26698.8,2014-11-01,November,2014
Small Business,Mexico,Montana,Medium,1100.0,300,313500.0,2013-12-01,December,2013
Government,France,Paseo,Medium,1303.0,20,24757.0,2014-02-01,February,2014
Enterprise,United States of America,Paseo,Medium,2992.0,125,355300.0,2014-03-01,March,2014
Enterprise,France,Paseo,Medium,2385.0,125,283218.75,2014-03-01,March,2014
Small Business,Mexico,Paseo,Medium,1607.0,300,457995.0,2014-04-01,April,2014
Government,United States of America,Paseo,Medium,2327.0,7,15474.55,2014-05-01,May,2014
Small Business,United States of America,Paseo,Medium,991.0,300,282435.0,2014-06-01,June,2014
Government,United States of America,Paseo,Medium,602.0,350,200165.0,2014-06-01,June,2014
Midmarket,France,Paseo,Medium,2620.0,15,37335.0,2014-09-01,September,2014
Government,Canada,Paseo,Medium,1228.0,350,408310.0,2013-10-01,October,2013
Government,Canada,Paseo,Medium,1389.0,20,26391.0,2013-10-01,October,2013
Enterprise,United States of America,Paseo,Medium,861.0,125,102243.75,2014-10-01,October,2014
Enterprise,France,Paseo,Medium,704.0,125,83600.0,2013-10-01,October,2013
Government,Canada,Paseo,Medium,1802.0,20,34238.0,2013-12-01,December,2013
Government,United States of America,Paseo,Medium,2663.0,20,50597.0,2014-12-01,December,2014
Government,France,Paseo,Medium,2136.0,7,14204.4,2013-12-01,December,2013
Midmarket,Germany,Paseo,Medium,2116.0,15,30153.0,2013-12-01,December,2013
Midmarket,United States of America,Velo,Medium,555.0,15,7908.75,2014-01-01,January,2014
Midmarket,Mexico,Velo,Medium,2861.0,15,40769.25,2014-01-01,January,2014
Enterprise,Germany,Velo,Medium,807.0,125,95831.25,2014-02-01,February,2014
Government,United States of America,Velo,Medium,602.0,350,200165.0,2014-06-01,June,2014
Government,United States of America,Velo,Medium,2832.0,20,53808.0,2014-08-01,August,2014
Government,France,Velo,Medium,1579.0,20,30001.0,2014-08-01,August,2014
Enterprise,United States of America,Velo,Medium,861.0,125,102243.75,2014-10-01,October,2014
Enterprise,France,Velo,Medium,704.0,125,83600.0,2013-10-01,October,2013
Government,France,Velo,Medium,1033.0,20,19627.0,2013-12-01,December,2013
Small Business,Germany,Velo,Medium,1250.0,300,356250.0,2014-12-01,December,2014
Government,Canada,VTT,Medium,1389.0,20,26391.0,2013-10-01,October,2013
Government,United States of America,VTT,Medium,1265.0,20,24035.0,2013-11-01,November,2013
Government,Germany,VTT,Medium,2297.0,20,43643.0,2013-11-01,November,2013
Government,United States of America,VTT,Medium,2663.0,20,50597.0,2014-12-01,December,2014
Government,United States of America,VTT,Medium,570.0,7,3790.5,2014-12-01,December,2014
Government,France,VTT,Medium,2487.0,7,16538.55,2014-12-01,December,2014
Government,Germany,Amarilla,Medium,1350.0,350,448875.0,2014-02-01,February,2014
Government,Canada,Amarilla,Medium,552.0,350,183540.0,2014-08-01,August,2014
Government,Canada,Amarilla,Medium,1228.0,350,408310.0,2013-10-01,October,2013
Small Business,Germany,Amarilla,Medium,1250.0,300,356250.0,2014-12-01,December,2014
Midmarket,France,Paseo,Medium,3801.0,15,53594.100000000006,2014-04-01,April,2014
Government,United States of America,Carretera,Medium,1117.5,20,21009.0,2014-01-01,January,2014
Midmarket,Canada,Carretera,Medium,2844.0,15,40100.4,2014-06-01,June,2014
Channel Partners,Mexico,Carretera,Medium,562.0,12,6339.36,2014-09-01,September,2014
Channel Partners,Canada,Carretera,Medium,2299.0,12,25932.72,2013-10-01,October,2013
Midmarket,United States of America,Carretera,Medium,2030.0,15,28623.0,2014-11-01,November,2014
Government,United States of America,Carretera,Medium,263.0,7,1730.54,2013-11-01,November,2013
Enterprise,Germany,Carretera,Medium,887.0,125,104222.5,2013-12-01,December,2013
Government,Mexico,Montana,Medium,980.0,350,322420.0,2014-04-01,April,2014
Government,Germany,Montana,Medium,1460.0,350,480340.0,2014-05-01,May,2014
Government,France,Montana,Medium,1403.0,7,9231.74,2013-10-01,October,2013
Channel Partners,United States of America,Montana,Medium,2723.0,12,30715.44,2014-11-01,November,2014
Government,France,Paseo,Medium,1496.0,350,492184.0,2014-06-01,June,2014
Channel Partners,Canada,Paseo,Medium,2299.0,12,25932.72,2013-10-01,October,2013
Government,United States of America,Paseo,Medium,727.0,350,239183.0,2013-10-01,October,2013
Enterprise,Canada,Velo,Medium,952.0,125,111860.0,2014-02-01,February,2014
Enterprise,United States of America,Velo,Medium,2755.0,125,323712.5,2014-02-01,February,2014
Midmarket,Germany,Velo,Medium,1530.0,15,21573.0,2014-05-01,May,2014
Government,France,Velo,Medium,1496.0,350,492184.0,2014-06-01,June,2014
Government,Mexico,Velo,Medium,1498.0,7,9856.84,2014-06-01,June,2014
Small Business,France,Velo,Medium,1221.0,300,344322.0,2013-10-01,October,2013
Government,France,Velo,Medium,2076.0,350,683004.0,2013-10-01,October,2013
Midmarket,Canada,VTT,Medium,2844.0,15,40100.4,2014-06-01,June,2014
Government,Mexico,VTT,Medium,1498.0,7,9856.84,2014-06-01,June,2014
Small Business,France,VTT,Medium,1221.0,300,344322.0,2013-10-01,October,2013
Government,Mexico,VTT,Medium,1123.0,20,21112.4,2013-11-01,November,2013
Small Business,Canada,VTT,Medium,2436.0,300,686952.0,2013-12-01,December,2013
Enterprise,France,Amarilla,Medium,1987.5,125,233531.25,2014-01-01,January,2014
Government,Mexico,Amarilla,Medium,1679.0,350,552391.0,2014-09-01,September,2014
Government,United States of America,Amarilla,Medium,727.0,350,239183.0,2013-10-01,October,2013
Government,France,Amarilla,Medium,1403.0,7,9231.74,2013-10-01,October,2013
Government,France,Amarilla,Medium,2076.0,350,683004.0,2013-10-01,October,2013
Government,France,Montana,Medium,1757.0,20,33031.6,2013-10-01,October,2013
Midmarket,United States of America,Paseo,Medium,2198.0,15,30991.8,2014-08-01,August,2014
Midmarket,Germany,Paseo,Medium,1743.0,15,24576.3,2014-08-01,August,2014
Midmarket,United States of America,Paseo,Medium,1153.0,15,16257.3,2014-10-01,October,2014
Government,France,Paseo,Medium,1757.0,20,33031.6,2013-10-01,October,2013
Government,Germany,Velo,Medium,1001.0,20,18818.8,2014-08-01,August,2014
Government,Mexico,Velo,Medium,1333.0,7,8771.14,2014-11-01,November,2014
Midmarket,United States of America,VTT,Medium,1153.0,15,16257.3,2014-10-01,October,2014
Channel Partners,Mexico,Carretera,Medium,727.0,12,8113.32,2014-02-01,February,2014
Channel Partners,Canada,Carretera,Medium,1884.0,12,21025.44,2014-08-01,August,2014
Government,Mexico,Carretera,Medium,1834.0,20,34112.4,2013-09-01,September,2013
Channel Partners,Mexico,Montana,Medium,2340.0,12,26114.4,2014-01-01,January,2014
Channel Partners,France,Montana,Medium,2342.0,12,26136.72,2014-11-01,November,2014
Government,France,Paseo,Medium,1031.0,7,6711.81,2013-09-01,September,2013
Midmarket,Canada,Velo,Medium,1262.0,15,17604.9,2014-05-01,May,2014
Government,Canada,Velo,Medium,1135.0,7,7388.85,2014-06-01,June,2014
Government,United States of America,Velo,Medium,547.0,7,3560.9700000000003,2014-11-01,November,2014
Government,Canada,Velo,Medium,1582.0,7,10298.82,2014-12-01,December,2014
Channel Partners,France,VTT,Medium,1738.5,12,19401.66,2014-04-01,April,2014
Channel Partners,Germany,VTT,Medium,2215.0,12,24719.4,2013-09-01,September,2013
Government,Canada,VTT,Medium,1582.0,7,10298.82,2014-12-01,December,2014
Government,Canada,Amarilla,Medium,1135.0,7,7388.85,2014-06-01,June,2014
Government,United States of America,Carretera,Medium,1761.0,350,573205.5,2014-03-01,March,2014
Small Business,France,Carretera,Medium,448.0,300,124992.0,2014-06-01,June,2014
Small Business,France,Carretera,Medium,2181.0,300,608499.0,2014-10-01,October,2014
Government,France,Montana,Medium,1976.0,20,36753.6,2014-10-01,October,2014
Small Business,France,Montana,Medium,2181.0,300,608499.0,2014-10-01,October,2014
Enterprise,Germany,Montana,Medium,2500.0,125,290625.0,2013-11-01,November,2013
Small Business,Canada,Paseo,Medium,1702.0,300,474858.0,2014-05-01,May,2014
Small Business,France,Paseo,Medium,448.0,300,124992.0,2014-06-01,June,2014
Enterprise,Germany,Paseo,Medium,3513.0,125,408386.25,2014-07-01,July,2014
Midmarket,France,Paseo,Medium,2101.0,15,29308.95,2014-08-01,August,2014
Midmarket,United States of America,Paseo,Medium,2931.0,15,40887.45,2013-09-01,September,2013
Government,France,Paseo,Medium,1535.0,20,28551.0,2014-09-01,September,2014
Small Business,Germany,Paseo,Medium,1123.0,300,313317.0,2013-09-01,September,2013
Small Business,Canada,Paseo,Medium,1404.0,300,391716.0,2013-11-01,November,2013
Channel Partners,Mexico,Paseo,Medium,2763.0,12,30835.08,2013-11-01,November,2013
Government,Germany,Paseo,Medium,2125.0,7,13833.75,2013-12-01,December,2013
Small Business,France,Velo,Medium,1659.0,300,462861.0,2014-07-01,July,2014
Government,Mexico,Velo,Medium,609.0,20,11327.4,2014-08-01,August,2014
Enterprise,Germany,Velo,Medium,2087.0,125,242613.75,2014-09-01,September,2014
Government,France,Velo,Medium,1976.0,20,36753.6,2014-10-01,October,2014
Government,United States of America,Velo,Medium,1421.0,20,26430.6,2013-12-01,December,2013
Small Business,United States of America,Velo,Medium,1372.0,300,382788.0,2014-12-01,December,2014
Government,Germany,Velo,Medium,588.0,20,10936.8,2013-12-01,December,2013
Channel Partners,Canada,VTT,Medium,3244.5,12,36208.62,2014-01-01,January,2014
Small Business,France,VTT,Medium,959.0,300,267561.0,2014-02-01,February,2014
Small Business,Mexico,VTT,Medium,2747.0,300,766413.0,2014-02-01,February,2014
Enterprise,Canada,Amarilla,Medium,1645.0,125,191231.25,2014-05-01,May,2014
Government,France,Amarilla,Medium,2876.0,350,936138.0,2014-09-01,September,2014
Enterprise,Germany,Amarilla,Medium,994.0,125,115552.5,2013-09-01,September,2013
Government,Canada,Amarilla,Medium,1118.0,20,20794.8,2014-11-01,November,2014
Small Business,United States of America,Amarilla,Medium,1372.0,300,382788.0,2014-12-01,December,2014
Government,Canada,Montana,Medium,488.0,7,3142.7200000000003,2014-02-01,February,2014
Government,United States of America,Montana,Medium,1282.0,20,23588.8,2014-06-01,June,2014
Government,Canada,Paseo,Medium,257.0,7,1655.08,2014-05-01,May,2014
Government,United States of America,Amarilla,Medium,1282.0,20,23588.8,2014-06-01,June,2014
Enterprise,Mexico,Carretera,Medium,1540.0,125,177100.0,2014-08-01,August,2014
Midmarket,France,Carretera,Medium,490.0,15,6762.0,2014-11-01,November,2014
Government,Mexico,Carretera,Medium,1362.0,350,438564.0,2014-12-01,December,2014
Midmarket,France,Montana,Medium,2501.0,15,34513.8,2014-03-01,March,2014
Government,Canada,Montana,Medium,708.0,20,13027.2,2014-06-01,June,2014
Government,Germany,Montana,Medium,645.0,20,11868.0,2014-07-01,July,2014
Small Business,France,Montana,Medium,1562.0,300,431112.0,2014-08-01,August,2014
Small Business,Canada,Montana,Medium,1283.0,300,354108.0,2013-09-01,September,2013
Midmarket,Germany,Montana,Medium,711.0,15,9811.8,2014-12-01,December,2014
Enterprise,Mexico,Paseo,Medium,1114.0,125,128110.0,2014-03-01,March,2014
Government,Germany,Paseo,Medium,1259.0,7,8107.96,2014-04-01,April,2014
Government,Germany,Paseo,Medium,1095.0,7,7051.8,2014-05-01,May,2014
Government,Germany,Paseo,Medium,1366.0,20,25134.4,2014-06-01,June,2014
Small Business,Mexico,Paseo,Medium,2460.0,300,678960.0,2014-06-01,June,2014
Government,United States of America,Paseo,Medium,678.0,7,4366.32,2014-08-01,August,2014
Government,Germany,Paseo,Medium,1598.0,7,10291.12,2014-08-01,August,2014
Government,Germany,Paseo,Medium,2409.0,7,15513.96,2013-09-01,September,2013
Government,Germany,Paseo,Medium,1934.0,20,35585.6,2014-09-01,September,2014
Government,Mexico,Paseo,Medium,2993.0,20,55071.2,2014-09-01,September,2014
Government,Germany,Paseo,Medium,2146.0,350,691012.0,2013-11-01,November,2013
Government,Mexico,Paseo,Medium,1946.0,7,12532.24,2013-12-01,December,2013
Government,Mexico,Paseo,Medium,1362.0,350,438564.0,2014-12-01,December,2014
Channel Partners,Canada,Velo,Medium,598.0,12,6601.92,2014-03-01,March,2014
Government,United States of America,Velo,Medium,2907.0,7,18721.08,2014-06-01,June,2014
Government,Germany,Velo,Medium,2338.0,7,15056.72,2014-06-01,June,2014
Small Business,France,Velo,Medium,386.0,300,106536.0,2013-11-01,November,2013
Small Business,Mexico,Velo,Medium,635.0,300,175260.0,2014-12-01,December,2014
Government,France,VTT,Medium,574.5,350,184989.0,2014-04-01,April,2014
Government,Germany,VTT,Medium,2338.0,7,15056.72,2014-06-01,June,2014
Government,France,VTT,Medium,381.0,350,122682.0,2014-08-01,August,2014
Government,Germany,VTT,Medium,422.0,350,135884.0,2014-08-01,August,2014
Small Business,Canada,VTT,Medium,2134.0,300,588984.0,2014-09-01,September,2014
Small Business,United States of America,VTT,Medium,808.0,300,223008.0,2013-12-01,December,2013
Government,Canada,Amarilla,Medium,708.0,20,13027.2,2014-06-01,June,2014
Government,United States of America,Amarilla,Medium,2907.0,7,18721.08,2014-06-01,June,2014
Government,Germany,Amarilla,Medium,1366.0,20,25134.4,2014-06-01,June,2014
Small Business,Mexico,Amarilla,Medium,2460.0,300,678960.0,2014-06-01,June,2014
Government,Germany,Amarilla,Medium,1520.0,20,27968.0,2014-11-01,November,2014
Midmarket,Germany,Amarilla,Medium,711.0,15,9811.8,2014-12-01,December,2014
Channel Partners,Mexico,Amarilla,Medium,1375.0,12,15180.0,2013-12-01,December,2013
Small Business,Mexico,Amarilla,Medium,635.0,300,175260.0,2014-12-01,December,2014
Government,United States of America,VTT,Medium,436.5,20,8031.599999999999,2014-07-01,July,2014
Small Business,Canada,Carretera,Medium,1094.0,300,298662.0,2014-06-01,June,2014
Channel Partners,Mexico,Carretera,Medium,367.0,12,4007.64,2013-10-01,October,2013
Small Business,Canada,Montana,Medium,3802.5,300,1038082.5,2014-04-01,April,2014
Government,France,Montana,Medium,1666.0,350,530621.0,2014-05-01,May,2014
Small Business,France,Montana,Medium,322.0,300,87906.0,2013-09-01,September,2013
Channel Partners,Canada,Montana,Medium,2321.0,12,25345.32,2014-11-01,November,2014
Enterprise,France,Montana,Medium,1857.0,125,211233.75,2013-11-01,November,2013
Government,Canada,Montana,Medium,1611.0,7,10262.07,2013-12-01,December,2013
Enterprise,United States of America,Montana,Medium,2797.0,125,318158.75,2014-12-01,December,2014
Small Business,Germany,Montana,Medium,334.0,300,91182.0,2013-12-01,December,2013
Small Business,Mexico,Paseo,Medium,2565.0,300,700245.0,2014-01-01,January,2014
Government,Mexico,Paseo,Medium,2417.0,350,769814.5,2014-01-01,January,2014
Midmarket,United States of America,Paseo,Medium,3675.0,15,50163.75,2014-04-01,April,2014
Small Business,Canada,Paseo,Medium,1094.0,300,298662.0,2014-06-01,June,2014
Midmarket,France,Paseo,Medium,1227.0,15,16748.55,2014-10-01,October,2014
Channel Partners,Mexico,Paseo,Medium,367.0,12,4007.64,2013-10-01,October,2013
Small Business,France,Paseo,Medium,1324.0,300,361452.0,2014-11-01,November,2014
Channel Partners,Germany,Paseo,Medium,1775.0,12,19383.0,2013-11-01,November,2013
Enterprise,United States of America,Paseo,Medium,2797.0,125,318158.75,2014-12-01,December,2014
Midmarket,Mexico,Velo,Medium,245.0,15,3344.25,2014-05-01,May,2014
Small Business,Canada,Velo,Medium,3793.5,300,1035625.5,2014-07-01,July,2014
Government,Germany,Velo,Medium,1307.0,350,416279.5,2014-07-01,July,2014
Enterprise,Canada,Velo,Medium,567.0,125,64496.25,2014-09-01,September,2014
Enterprise,Mexico,Velo,Medium,2110.0,125,240012.5,2014-09-01,September,2014
Government,Canada,Velo,Medium,1269.0,350,404176.5,2014-10-01,October,2014
Channel Partners,United States of America,VTT,Medium,1956.0,12,21359.52,2014-01-01,January,2014
Small Business,Germany,VTT,Medium,2659.0,300,725907.0,2014-02-01,February,2014
Government,United States of America,VTT,Medium,1351.5,350,430452.75,2014-04-01,April,2014
Channel Partners,Germany,VTT,Medium,880.0,12,9609.6,2014-05-01,May,2014
Small Business,United States of America,VTT,Medium,1867.0,300,509691.0,2014-09-01,September,2014
Channel Partners,France,VTT,Medium,2234.0,12,24395.28,2013-09-01,September,2013
Midmarket,France,VTT,Medium,1227.0,15,16748.55,2014-10-01,October,2014
Enterprise,Mexico,VTT,Medium,877.0,125,99758.75,2014-11-01,November,2014
Government,United States of America,Amarilla,Medium,2071.0,350,659613.5,2014-09-01,September,2014
Government,Canada,Amarilla,Medium,1269.0,350,404176.5,2014-10-01,October,2014
Midmarket,Germany,Amarilla,Medium,970.0,15,13240.5,2013-11-01,November,2013
Government,Mexico,Amarilla,Medium,1694.0,20,30830.8,2014-11-01,November,2014
Government,Germany,Carretera,Medium,663.0,20,12066.6,2014-05-01,May,2014
Government,Canada,Carretera,Medium,819.0,7,5217.03,2014-07-01,July,2014
Channel Partners,Germany,Carretera,Medium,1580.0,12,17253.6,2014-09-01,September,2014
Government,Mexico,Carretera,Medium,521.0,7,3318.77,2014-12-01,December,2014
Government,United States of America,Paseo,Medium,973.0,20,17708.6,2014-03-01,March,2014
Government,Mexico,Paseo,Medium,1038.0,20,18891.6,2014-06-01,June,2014
Government,Germany,Paseo,Medium,360.0,7,2293.2,2014-10-01,October,2014
Channel Partners,France,Velo,Medium,1967.0,12,21479.64,2014-03-01,March,2014
Midmarket,Mexico,Velo,Medium,2628.0,15,35872.2,2014-04-01,April,2014
Government,Germany,VTT,Medium,360.0,7,2293.2,2014-10-01,October,2014
Government,France,VTT,Medium,2682.0,20,48812.4,2013-11-01,November,2013
Government,Mexico,VTT,Medium,521.0,7,3318.77,2014-12-01,December,2014
Government,Mexico,Amarilla,Medium,1038.0,20,18891.6,2014-06-01,June,2014
Midmarket,Canada,Amarilla,Medium,1630.5,15,22256.324999999997,2014-07-01,July,2014
Channel Partners,France,Amarilla,Medium,306.0,12,3341.52,2013-12-01,December,2013
Channel Partners,United States of America,Carretera,High,386.0,12,4168.8,2013-10-01,October,2013
Government,United States of America,Montana,High,2328.0,7,14666.4,2014-09-01,September,2014
Channel Partners,United States of America,Paseo,High,386.0,12,4168.8,2013-10-01,October,2013
Enterprise,United States of America,Carretera,High,3445.5,125,387618.75,2014-04-01,April,2014
Enterprise,France,Carretera,High,1482.0,125,166725.0,2013-12-01,December,2013
Government,United States of America,Montana,High,2313.0,350,728595.0,2014-05-01,May,2014
Enterprise,United States of America,Montana,High,1804.0,125,202950.0,2013-11-01,November,2013
Midmarket,France,Montana,High,2072.0,15,27972.0,2014-12-01,December,2014
Government,France,Paseo,High,1954.0,20,35172.0,2014-03-01,March,2014
Small Business,Mexico,Paseo,High,591.0,300,159570.0,2014-05-01,May,2014
Midmarket,France,Paseo,High,2167.0,15,29254.5,2013-10-01,October,2013
Government,Germany,Paseo,High,241.0,20,4338.0,2014-10-01,October,2014
Midmarket,Germany,Velo,High,681.0,15,9193.5,2014-01-01,January,2014
Midmarket,Germany,Velo,High,510.0,15,6885.0,2014-04-01,April,2014
Midmarket,United States of America,Velo,High,790.0,15,10665.0,2014-05-01,May,2014
Government,France,Velo,High,639.0,350,201285.0,2014-07-01,July,2014
Enterprise,United States of America,Velo,High,1596.0,125,179550.0,2014-09-01,September,2014
Small Business,United States of America,Velo,High,2294.0,300,619380.0,2013-10-01,October,2013
Government,Germany,Velo,High,241.0,20,4338.0,2014-10-01,October,2014
Government,Germany,Velo,High,2665.0,7,16789.5,2014-11-01,November,2014
Enterprise,Canada,Velo,High,1916.0,125,215550.0,2013-12-01,December,2013
Small Business,France,Velo,High,853.0,300,230310.0,2014-12-01,December,2014
Enterprise,Mexico,VTT,High,341.0,125,38362.5,2014-05-01,May,2014
Midmarket,Mexico,VTT,High,641.0,15,8653.5,2014-07-01,July,2014
Government,United States of America,VTT,High,2807.0,350,884205.0,2014-08-01,August,2014
Small Business,Mexico,VTT,High,432.0,300,116640.0,2014-09-01,September,2014
Small Business,United States of America,VTT,High,2294.0,300,619380.0,2013-10-01,October,2013
Midmarket,France,VTT,High,2167.0,15,29254.5,2013-10-01,October,2013
Enterprise,Canada,VTT,High,2529.0,125,284512.5,2014-11-01,November,2014
Government,Germany,VTT,High,1870.0,350,589050.0,2013-12-01,December,2013
Enterprise,United States of America,Amarilla,High,579.0,125,65137.5,2014-01-01,January,2014
Government,Canada,Amarilla,High,2240.0,350,705600.0,2014-02-01,February,2014
Small Business,United States of America,Amarilla,High,2993.0,300,808110.0,2014-03-01,March,2014
Channel Partners,Canada,Amarilla,High,3520.5,12,38021.399999999994,2014-04-01,April,2014
Government,Mexico,Amarilla,High,2039.0,20,36702.0,2014-05-01,May,2014
Channel Partners,Germany,Amarilla,High,2574.0,12,27799.2,2014-08-01,August,2014
Government,Canada,Amarilla,High,707.0,350,222705.0,2014-09-01,September,2014
Midmarket,France,Amarilla,High,2072.0,15,27972.0,2014-12-01,December,2014
Small Business,France,Amarilla,High,853.0,300,230310.0,2014-12-01,December,2014
Channel Partners,France,Carretera,High,1198.0,12,12794.64,2013-10-01,October,2013
Government,France,Paseo,High,2532.0,7,15774.36,2014-04-01,April,2014
Channel Partners,France,Paseo,High,1198.0,12,12794.64,2013-10-01,October,2013
Midmarket,Canada,Velo,High,384.0,15,5126.4,2014-01-01,January,2014
Channel Partners,Germany,Velo,High,472.0,12,5040.96,2014-10-01,October,2014
Government,United States of America,VTT,High,1579.0,7,9837.17,2014-03-01,March,2014
Channel Partners,Mexico,VTT,High,1005.0,12,10733.4,2013-09-01,September,2013
Midmarket,United States of America,Amarilla,High,3199.5,15,42713.325,2014-07-01,July,2014
Channel Partners,Germany,Amarilla,High,472.0,12,5040.96,2014-10-01,October,2014
Channel Partners,Canada,Carretera,High,1937.0,12,20687.16,2014-02-01,February,2014
Government,Germany,Carretera,High,792.0,350,246708.0,2014-03-01,March,2014
Small Business,Germany,Carretera,High,2811.0,300,750537.0,2014-07-01,July,2014
Enterprise,France,Carretera,High,2441.0,125,271561.25,2014-10-01,October,2014
Midmarket,Canada,Carretera,High,1560.0,15,20826.0,2013-11-01,November,2013
Government,Mexico,Carretera,High,2706.0,7,16858.38,2013-11-01,November,2013
Government,Germany,Montana,High,766.0,350,238609.0,2014-01-01,January,2014
Government,Germany,Montana,High,2992.0,20,53257.6,2013-10-01,October,2013
Midmarket,Mexico,Montana,High,2157.0,15,28795.95,2014-12-01,December,2014
Small Business,Canada,Paseo,High,873.0,300,233091.0,2014-01-01,January,2014
Government,Mexico,Paseo,High,1122.0,20,19971.6,2014-03-01,March,2014
Government,Canada,Paseo,High,2104.5,350,655551.75,2014-07-01,July,2014
Channel Partners,Canada,Paseo,High,4026.0,12,42997.68,2014-07-01,July,2014
Channel Partners,France,Paseo,High,2425.5,12,25904.340000000004,2014-07-01,July,2014
Government,Canada,Paseo,High,2394.0,20,42613.2,2014-08-01,August,2014
Midmarket,Mexico,Paseo,High,1984.0,15,26486.4,2014-08-01,August,2014
Enterprise,France,Paseo,High,2441.0,125,271561.25,2014-10-01,October,2014
Government,Germany,Paseo,High,2992.0,20,53257.6,2013-10-01,October,2013
Small Business,Canada,Paseo,High,1366.0,300,364722.0,2014-11-01,November,2014
Government,France,Velo,High,2805.0,20,49929.0,2013-09-01,September,2013
Midmarket,Mexico,Velo,High,655.0,15,8744.25,2013-09-01,September,2013
Government,Mexico,Velo,High,344.0,350,107156.0,2013-10-01,October,2013
Government,Canada,Velo,High,1808.0,7,11263.84,2014-11-01,November,2014
Channel Partners,France,VTT,High,1734.0,12,18519.12,2014-01-01,January,2014
Enterprise,Mexico,VTT,High,554.0,125,61632.5,2014-01-01,January,2014
Government,Canada,VTT,High,2935.0,20,52243.0,2013-11-01,November,2013
Enterprise,Germany,Amarilla,High,3165.0,125,352106.25,2014-01-01,January,2014
Government,Mexico,Amarilla,High,2629.0,20,46796.2,2014-01-01,January,2014
Enterprise,France,Amarilla,High,1433.0,125,159421.25,2014-05-01,May,2014
Enterprise,Mexico,Amarilla,High,947.0,125,105353.75,2013-09-01,September,2013
Government,Mexico,Amarilla,High,344.0,350,107156.0,2013-10-01,October,2013
Midmarket,Mexico,Amarilla,High,2157.0,15,28795.95,2014-12-01,December,2014
Government,United States of America,Paseo,High,380.0,7,2367.4,2013-09-01,September,2013
Government,Mexico,Carretera,High,886.0,350,272888.0,2014-06-01,June,2014
Enterprise,Canada,Carretera,High,2416.0,125,265760.0,2013-09-01,September,2013
Enterprise,Mexico,Carretera,High,2156.0,125,237160.0,2014-10-01,October,2014
Midmarket,Canada,Carretera,High,2689.0,15,35494.8,2014-11-01,November,2014
Midmarket,United States of America,Montana,High,677.0,15,8936.4,2014-03-01,March,2014
Small Business,France,Montana,High,1773.0,300,468072.0,2014-04-01,April,2014
Government,Mexico,Montana,High,2420.0,7,14907.2,2014-09-01,September,2014
Government,Canada,Montana,High,2734.0,7,16841.44,2014-10-01,October,2014
Government,Mexico,Montana,High,1715.0,20,30184.0,2013-10-01,October,2013
Small Business,France,Montana,High,1186.0,300,313104.0,2013-12-01,December,2013
Small Business,United States of America,Paseo,High,3495.0,300,922680.0,2014-01-01,January,2014
Government,Mexico,Paseo,High,886.0,350,272888.0,2014-06-01,June,2014
Enterprise,Mexico,Paseo,High,2156.0,125,237160.0,2014-10-01,October,2014
Government,Mexico,Paseo,High,905.0,20,15928.0,2014-10-01,October,2014
Government,Mexico,Paseo,High,1715.0,20,30184.0,2013-10-01,October,2013
Government,France,Paseo,High,1594.0,350,490952.0,2014-11-01,November,2014
Small Business,Germany,Paseo,High,1359.0,300,358776.0,2014-11-01,November,2014
Small Business,Mexico,Paseo,High,2150.0,300,567600.0,2014-11-01,November,2014
Government,Mexico,Paseo,High,1197.0,350,368676.0,2014-11-01,November,2014
Midmarket,Mexico,Paseo,High,380.0,15,5016.0,2013-12-01,December,2013
Government,Mexico,Paseo,High,1233.0,20,21700.8,2014-12-01,December,2014
Government,Mexico,Velo,High,1395.0,350,429660.0,2014-07-01,July,2014
Government,United States of America,Velo,High,986.0,350,303688.0,2014-10-01,October,2014
Government,Mexico,Velo,High,905.0,20,15928.0,2014-10-01,October,2014
Channel Partners,Canada,VTT,High,2109.0,12,22271.04,2014-05-01,May,2014
Midmarket,France,VTT,High,3874.5,15,51143.399999999994,2014-07-01,July,2014
Government,Canada,VTT,High,623.0,350,191884.0,2013-09-01,September,2013
Government,United States of America,VTT,High,986.0,350,303688.0,2014-10-01,October,2014
Enterprise,United States of America,VTT,High,2387.0,125,262570.0,2014-11-01,November,2014
Government,Mexico,VTT,High,1233.0,20,21700.8,2014-12-01,December,2014
Government,United States of America,Amarilla,High,270.0,350,83160.0,2014-02-01,February,2014
Government,France,Amarilla,High,3421.5,7,21076.44,2014-07-01,July,2014
Government,Canada,Amarilla,High,2734.0,7,16841.44,2014-10-01,October,2014
Midmarket,United States of America,Amarilla,High,2548.0,15,33633.6,2013-11-01,November,2013
Government,France,Carretera,High,2521.5,20,44378.399999999994,2014-01-01,January,2014
Channel Partners,Mexico,Montana,High,2661.0,12,28100.16,2014-05-01,May,2014
Government,Germany,Paseo,High,1531.0,20,26945.6,2014-12-01,December,2014
Government,France,VTT,High,1491.0,7,9184.56,2014-03-01,March,2014
Government,Germany,VTT,High,1531.0,20,26945.6,2014-12-01,December,2014
Channel Partners,Canada,Amarilla,High,2761.0,12,29156.16,2013-09-01,September,2013
Midmarket,United States of America,Carretera,High,2567.0,15,33499.35,2014-06-01,June,2014
Midmarket,United States of America,VTT,High,2567.0,15,33499.35,2014-06-01,June,2014
Government,Canada,Carretera,High,923.0,350,281053.5,2014-03-01,March,2014
Government,France,Carretera,High,1790.0,350,545055.0,2014-03-01,March,2014
Government,Germany,Carretera,High,442.0,20,7690.8,2013-09-01,September,2013
Government,United States of America,Montana,High,982.5,350,299171.25,2014-01-01,January,2014
Government,United States of America,Montana,High,1298.0,7,7904.82,2014-02-01,February,2014
Channel Partners,Mexico,Montana,High,604.0,12,6305.76,2014-06-01,June,2014
Government,Mexico,Montana,High,2255.0,20,39237.0,2014-07-01,July,2014
Government,Canada,Montana,High,1249.0,20,21732.6,2014-10-01,October,2014
Government,United States of America,Paseo,High,1438.5,7,8760.465,2014-01-01,January,2014
Small Business,Germany,Paseo,High,807.0,300,210627.0,2014-01-01,January,2014
Government,United States of America,Paseo,High,2641.0,20,45953.4,2014-02-01,February,2014
Government,Germany,Paseo,High,2708.0,20,47119.2,2014-02-01,February,2014
Government,Canada,Paseo,High,2632.0,350,801444.0,2014-06-01,June,2014
Enterprise,Canada,Paseo,High,1583.0,125,172151.25,2014-06-01,June,2014
Channel Partners,Mexico,Paseo,High,571.0,12,5961.24,2014-07-01,July,2014
Government,France,Paseo,High,2696.0,7,16418.64,2014-08-01,August,2014
Midmarket,Canada,Paseo,High,1565.0,15,20423.25,2014-10-01,October,2014
Government,Canada,Paseo,High,1249.0,20,21732.6,2014-10-01,October,2014
Government,Germany,Paseo,High,357.0,350,108706.5,2014-11-01,November,2014
Channel Partners,Germany,Paseo,High,1013.0,12,10575.72,2014-12-01,December,2014
Midmarket,France,Velo,High,3997.5,15,52167.375,2014-01-01,January,2014
Government,Canada,Velo,High,2632.0,350,801444.0,2014-06-01,June,2014
Government,France,Velo,High,1190.0,7,7247.1,2014-06-01,June,2014
Channel Partners,Mexico,Velo,High,604.0,12,6305.76,2014-06-01,June,2014
Midmarket,Germany,Velo,High,660.0,15,8613.0,2013-09-01,September,2013
Channel Partners,Mexico,Velo,High,410.0,12,4280.4,2014-10-01,October,2014
Small Business,Mexico,Velo,High,2605.0,300,679905.0,2013-11-01,November,2013
Channel Partners,Germany,Velo,High,1013.0,12,10575.72,2014-12-01,December,2014
Enterprise,Canada,VTT,High,1583.0,125,172151.25,2014-06-01,June,2014
Midmarket,Canada,VTT,High,1565.0,15,20423.25,2014-10-01,October,2014
Enterprise,Canada,Amarilla,High,1659.0,125,180416.25,2014-01-01,January,2014
Government,France,Amarilla,High,1190.0,7,7247.1,2014-06-01,June,2014
Channel Partners,Mexico,Amarilla,High,410.0,12,4280.4,2014-10-01,October,2014
Channel Partners,Germany,Amarilla,High,1770.0,12,18478.8,2013-12-01,December,2013
Government,Mexico,Carretera,High,2579.0,20,44358.8,2014-04-01,April,2014
Government,United States of America,Carretera,High,1743.0,20,29979.6,2014-05-01,May,2014
Government,United States of America,Carretera,High,2996.0,7,18035.92,2013-10-01,October,2013
Government,Germany,Carretera,High,280.0,7,1685.6,2014-12-01,December,2014
Government,France,Montana,High,293.0,7,1763.8600000000001,2014-02-01,February,2014
Government,United States of America,Montana,High,2996.0,7,18035.92,2013-10-01,October,2013
Midmarket,Germany,Paseo,High,278.0,15,3586.2,2014-02-01,February,2014
Government,Canada,Paseo,High,2428.0,20,41761.6,2014-03-01,March,2014
Midmarket,United States of America,Paseo,High,1767.0,15,22794.3,2014-09-01,September,2014
Channel Partners,France,Paseo,High,1393.0,12,14375.76,2014-10-01,October,2014
Government,Germany,VTT,High,280.0,7,1685.6,2014-12-01,December,2014
Channel Partners,France,Amarilla,High,1393.0,12,14375.76,2014-10-01,October,2014
Channel Partners,United States of America,Amarilla,High,2015.0,12,20794.8,2013-12-01,December,2013
Small Business,Mexico,Carretera,High,801.0,300,206658.0,2014-07-01,July,2014
Enterprise,France,Carretera,High,1023.0,125,109972.5,2013-09-01,September,2013
Small Business,Canada,Carretera,High,1496.0,300,385968.0,2014-10-01,October,2014
Small Business,United States of America,Carretera,High,1010.0,300,260580.0,2014-10-01,October,2014
Midmarket,Germany,Carretera,High,1513.0,15,19517.7,2014-11-01,November,2014
Midmarket,Canada,Carretera,High,2300.0,15,29670.0,2014-12-01,December,2014
Enterprise,Mexico,Carretera,High,2821.0,125,303257.5,2013-12-01,December,2013
Government,Canada,Montana,High,2227.5,350,670477.5,2014-01-01,January,2014
Government,Germany,Montana,High,1199.0,350,360899.0,2014-04-01,April,2014
Government,Canada,Montana,High,200.0,350,60200.0,2014-05-01,May,2014
Government,Canada,Montana,High,388.0,7,2335.76,2014-09-01,September,2014
Government,Mexico,Montana,High,1727.0,7,10396.54,2013-10-01,October,2013
Midmarket,Canada,Montana,High,2300.0,15,29670.0,2014-12-01,December,2014
Government,Mexico,Paseo,High,260.0,20,4472.0,2014-02-01,February,2014
Midmarket,Canada,Paseo,High,2470.0,15,31863.0,2013-09-01,September,2013
Midmarket,Canada,Paseo,High,1743.0,15,22484.7,2013-10-01,October,2013
Channel Partners,United States of America,Paseo,High,2914.0,12,30072.48,2014-10-01,October,2014
Government,France,Paseo,High,1731.0,7,10420.619999999999,2014-10-01,October,2014
Government,Canada,Paseo,High,700.0,350,210700.0,2014-11-01,November,2014
Channel Partners,Canada,Paseo,High,2222.0,12,22931.04,2013-11-01,November,2013
Government,United States of America,Paseo,High,1177.0,350,354277.0,2014-11-01,November,2014
Government,France,Paseo,High,1922.0,350,578522.0,2013-11-01,November,2013
Enterprise,Mexico,Velo,High,1575.0,125,169312.5,2014-02-01,February,2014
Government,United States of America,Velo,High,606.0,20,10423.2,2014-04-01,April,2014
Small Business,United States of America,Velo,High,2460.0,300,634680.0,2014-07-01,July,2014
Small Business,Canada,Velo,High,269.0,300,69402.0,2013-10-01,October,2013
Small Business,Germany,Velo,High,2536.0,300,654288.0,2013-11-01,November,2013
Government,Mexico,VTT,High,2903.0,7,17476.06,2014-03-01,March,2014
Small Business,United States of America,VTT,High,2541.0,300,655578.0,2014-08-01,August,2014
Small Business,Canada,VTT,High,269.0,300,69402.0,2013-10-01,October,2013
Small Business,Canada,VTT,High,1496.0,300,385968.0,2014-10-01,October,2014
Small Business,United States of America,VTT,High,1010.0,300,260580.0,2014-10-01,October,2014
Government,France,VTT,High,1281.0,350,385581.0,2013-12-01,December,2013
Small Business,Canada,Amarilla,High,888.0,300,229104.0,2014-03-01,March,2014
Enterprise,United States of America,Amarilla,High,2844.0,125,305730.0,2014-05-01,May,2014
Channel Partners,France,Amarilla,High,2475.0,12,25542.0,2014-08-01,August,2014
Midmarket,Canada,Amarilla,High,1743.0,15,22484.7,2013-10-01,October,2013
Channel Partners,United States of America,Amarilla,High,2914.0,12,30072.48,2014-10-01,October,2014
Government,France,Amarilla,High,1731.0,7,10420.619999999999,2014-10-01,October,2014
Government,Mexico,Amarilla,High,1727.0,7,10396.54,2013-10-01,October,2013
Midmarket,Mexico,Amarilla,High,1870.0,15,24123.0,2013-11-01,November,2013
Enterprise,France,Carretera,High,1174.0,125,124737.5,2014-08-01,August,2014
Enterprise,Germany,Carretera,High,2767.0,125,293993.75,2014-08-01,August,2014
Enterprise,Germany,Carretera,High,1085.0,125,115281.25,2014-10-01,October,2014
Small Business,Mexico,Montana,High,546.0,300,139230.0,2014-10-01,October,2014
Government,Germany,Paseo,High,1158.0,20,19686.0,2014-03-01,March,2014
Midmarket,Canada,Paseo,High,1614.0,15,20578.5,2014-04-01,April,2014
Government,Mexico,Paseo,High,2535.0,7,15083.25,2014-04-01,April,2014
Government,Mexico,Paseo,High,2851.0,350,848172.5,2014-05-01,May,2014
Midmarket,Canada,Paseo,High,2559.0,15,32627.25,2014-08-01,August,2014
Government,United States of America,Paseo,High,267.0,20,4539.0,2013-10-01,October,2013
Enterprise,Germany,Paseo,High,1085.0,125,115281.25,2014-10-01,October,2014
Midmarket,Germany,Paseo,High,1175.0,15,14981.25,2014-10-01,October,2014
Government,United States of America,Paseo,High,2007.0,350,597082.5,2013-11-01,November,2013
Government,Mexico,Paseo,High,2151.0,350,639922.5,2013-11-01,November,2013
Channel Partners,United States of America,Paseo,High,914.0,12,9322.8,2014-12-01,December,2014
Government,France,Paseo,High,293.0,20,4981.0,2014-12-01,December,2014
Channel Partners,Mexico,Velo,High,500.0,12,5100.0,2014-03-01,March,2014
Midmarket,France,Velo,High,2826.0,15,36031.5,2014-05-01,May,2014
Enterprise,France,Velo,High,663.0,125,70443.75,2014-09-01,September,2014
Small Business,United States of America,Velo,High,2574.0,300,656370.0,2013-11-01,November,2013
Enterprise,United States of America,Velo,High,2438.0,125,259037.5,2013-12-01,December,2013
Channel Partners,United States of America,Velo,High,914.0,12,9322.8,2014-12-01,December,2014
Government,Canada,VTT,High,865.5,20,14713.5,2014-07-01,July,2014
Midmarket,Germany,VTT,High,492.0,15,6273.0,2014-07-01,July,2014
Government,United States of America,VTT,High,267.0,20,4539.0,2013-10-01,October,2013
Midmarket,Germany,VTT,High,1175.0,15,14981.25,2014-10-01,October,2014
Enterprise,Canada,VTT,High,2954.0,125,313862.5,2013-11-01,November,2013
Enterprise,Germany,VTT,High,552.0,125,58650.0,2014-11-01,November,2014
Government,France,VTT,High,293.0,20,4981.0,2014-12-01,December,2014
Small Business,France,Amarilla,High,2475.0,300,631125.0,2014-03-01,March,2014
Small Business,Mexico,Amarilla,High,546.0,300,139230.0,2014-10-01,October,2014
Government,Mexico,Montana,High,1368.0,7,8139.6,2014-02-01,February,2014
Government,Canada,Paseo,High,723.0,7,4301.85,2014-04-01,April,2014
Channel Partners,United States of America,VTT,High,1806.0,12,18421.2,2014-05-01,May,2014
