id,product_name,category
1,Carretera,
2,Carretera,
3,Carretera,
4,Carretera,
5,Carretera,
6,Carretera,
7,Montana,
8,Montana,
9,Montana,
10,Montana,
11,Montana,
12,Montana,
13,Montana,
14,Montana,
15,Montana,
16,Montana,
17,Paseo,
18,Paseo,
19,Paseo,
20,Paseo,
21,Paseo,
22,Paseo,
23,Paseo,
24,Paseo,
25,Paseo,
26,Paseo,
27,Paseo,
28,Paseo,
29,Paseo,
30,Paseo,
31,Paseo,
32,Velo,
33,Velo,
34,Velo,
35,Velo,
36,Velo,
37,Velo,
38,Velo,
39,VTT,
40,VTT,
41,VTT,
42,VTT,
43,VTT,
44,VTT,
45,VTT,
46,Amarilla,
47,Amarilla,
48,Amarilla,
49,Amarilla,
50,Amarilla,
51,Amarilla,
52,Amarilla,
53,Amarilla,
54,Paseo,Low
55,Paseo,Low
56,Paseo,Low
57,Velo,Low
58,VTT,Low
59,Carretera,Low
60,Carretera,Low
61,Carretera,Low
62,Carretera,Low
63,Carretera,Low
64,Carretera,Low
65,Carretera,Low
66,Carretera,Low
67,Carretera,Low
68,Carretera,Low
69,Montana,Low
70,Montana,Low
71,Montana,Low
72,Montana,Low
73,Montana,Low
74,Montana,Low
75,Paseo,Low
76,Paseo,Low
77,Paseo,Low
78,Paseo,Low
79,Paseo,Low
80,Paseo,Low
81,Paseo,Low
82,Paseo,Low
83,Paseo,Low
84,Velo,Low
85,Velo,Low
86,Velo,Low
87,Velo,Low
88,Velo,Low
89,VTT,Low
90,VTT,Low
91,VTT,Low
92,VTT,Low
93,VTT,Low
94,VTT,Low
95,VTT,Low
96,VTT,Low
97,Amarilla,Low
98,Amarilla,Low
99,Carretera,Low
100,Carretera,Low
101,Carretera,Low
102,Carretera,Low
103,Carretera,Low
104,Montana,Low
105,Montana,Low
106,Montana,Low
107,Montana,Low
108,Paseo,Low
109,Paseo,Low
110,Paseo,Low
111,Paseo,Low
112,Paseo,Low
113,Paseo,Low
114,Paseo,Low
115,Paseo,Low
116,Paseo,Low
117,Paseo,Low
118,Paseo,Low
119,Paseo,Low
120,Paseo,Low
121,Paseo,Low
122,Paseo,Low
123,Paseo,Low
124,Velo,Low
125,Velo,Low
126,Velo,Low
127,Velo,Low
128,Velo,Low
129,Velo,Low
130,Velo,Low
131,Velo,Low
132,VTT,Low
133,VTT,Low
134,VTT,Low
135,VTT,Low
136,VTT,Low
137,VTT,Low
138,Amarilla,Low
139,Amarilla,Low
140,Amarilla,Low
141,Amarilla,Low
142,Amarilla,Low
143,Amarilla,Low
144,Amarilla,Low
145,Carretera,Low
146,Carretera,Low
147,Carretera,Low
148,Carretera,Low
149,Carretera,Low
150,Montana,Low
151,Montana,Low
152,Montana,Low
153,Montana,Low
154,Montana,Low
155,Montana,Low
156,Paseo,Low
157,Paseo,Low
158,Paseo,Low
159,Paseo,Low
160,Paseo,Low
161,Paseo,Low
162,Paseo,Low
163,Paseo,Low
164,Paseo,Low
165,Paseo,Low
166,Velo,Low
167,VTT,Low
168,VTT,Low
169,VTT,Low
170,VTT,Low
171,VTT,Low
172,VTT,Low
173,Carretera,Low
174,Paseo,Low
175,Velo,Low
176,VTT,Low
177,Montana,Low
178,Paseo,Low
179,Paseo,Low
180,Velo,Low
181,Carretera,Low
182,Carretera,Low
183,Carretera,Low
184,Montana,Low
185,Montana,Low
186,Montana,Low
187,Montana,Low
188,Montana,Low
189,Paseo,Low
190,Paseo,Low
191,Paseo,Low
192,Paseo,Low
193,Paseo,Low
194,Paseo,Low
195,Paseo,Low
196,Paseo,Low
197,Paseo,Low
198,Paseo,Low
199,Paseo,Low
200,Paseo,Low
201,Paseo,Low
202,Velo,Low
203,Velo,Low
204,Velo,Low
205,VTT,Low
206,VTT,Low
207,VTT,Low
208,VTT,Low
209,Amarilla,Low
210,Amarilla,Low
211,Amarilla,Low
212,Amarilla,Low
213,Amarilla,Low
214,Montana,Medium
215,Paseo,Medium
216,Paseo,Medium
217,Paseo,Medium
218,Paseo,Medium
219,Velo,Medium
220,VTT,Medium
221,Amarilla,Medium
222,Amarilla,Medium
223,Amarilla,Medium
224,Carretera,Medium
225,Carretera,Medium
226,Carretera,Medium
227,Carretera,Medium
228,Carretera,Medium
229,Carretera,Medium
230,Carretera,Medium
231,Carretera,Medium
232,Montana,Medium
233,Montana,Medium
234,Montana,Medium
235,Montana,Medium
236,Montana,Medium
237,Paseo,Medium
238,Paseo,Medium
239,Paseo,Medium
240,Paseo,Medium
241,Paseo,Medium
242,Paseo,Medium
243,Paseo,Medium
244,Paseo,Medium
245,Paseo,Medium
246,Paseo,Medium
247,Paseo,Medium
248,Paseo,Medium
249,Paseo,Medium
250,Paseo,Medium
251,Paseo,Medium
252,Paseo,Medium
253,Velo,Medium
254,Velo,Medium
255,Velo,Medium
256,Velo,Medium
257,Velo,Medium
258,Velo,Medium
259,Velo,Medium
260,Velo,Medium
261,Velo,Medium
262,Velo,Medium
263,VTT,Medium
264,VTT,Medium
265,VTT,Medium
266,VTT,Medium
267,VTT,Medium
268,VTT,Medium
269,Amarilla,Medium
270,Amarilla,Medium
271,Amarilla,Medium
272,Amarilla,Medium
273,Paseo,Medium
274,Carretera,Medium
275,Carretera,Medium
276,Carretera,Medium
277,Carretera,Medium
278,Carretera,Medium
279,Carretera,Medium
280,Carretera,Medium
281,Montana,Medium
282,Montana,Medium
283,Montana,Medium
284,Montana,Medium
285,Paseo,Medium
286,Paseo,Medium
287,Paseo,Medium
288,Velo,Medium
289,Velo,Medium
290,Velo,Medium
291,Velo,Medium
292,Velo,Medium
293,Velo,Medium
294,Velo,Medium
295,VTT,Medium
296,VTT,Medium
297,VTT,Medium
298,VTT,Medium
299,VTT,Medium
300,Amarilla,Medium
301,Amarilla,Medium
302,Amarilla,Medium
303,Amarilla,Medium
304,Amarilla,Medium
305,Montana,Medium
306,Paseo,Medium
307,Paseo,Medium
308,Paseo,Medium
309,Paseo,Medium
310,Velo,Medium
311,Velo,Medium
312,VTT,Medium
313,Carretera,Medium
314,Carretera,Medium
315,Carretera,Medium
316,Montana,Medium
317,Montana,Medium
318,Paseo,Medium
319,Velo,Medium
320,Velo,Medium
321,Velo,Medium
322,Velo,Medium
323,VTT,Medium
324,VTT,Medium
325,VTT,Medium
326,Amarilla,Medium
327,Carretera,Medium
328,Carretera,Medium
329,Carretera,Medium
330,Montana,Medium
331,Montana,Medium
332,Montana,Medium
333,Paseo,Medium
334,Paseo,Medium
335,Paseo,Medium
336,Paseo,Medium
337,Paseo,Medium
338,Paseo,Medium
339,Paseo,Medium
340,Paseo,Medium
341,Paseo,Medium
342,Paseo,Medium
343,Velo,Medium
344,Velo,Medium
345,Velo,Medium
346,Velo,Medium
347,Velo,Medium
348,Velo,Medium
349,Velo,Medium
350,VTT,Medium
351,VTT,Medium
352,VTT,Medium
353,Amarilla,Medium
354,Amarilla,Medium
355,Amarilla,Medium
356,Amarilla,Medium
357,Amarilla,Medium
358,Montana,Medium
359,Montana,Medium
360,Paseo,Medium
361,Amarilla,Medium
362,Carretera,Medium
363,Carretera,Medium
364,Carretera,Medium
365,Montana,Medium
366,Montana,Medium
367,Montana,Medium
368,Montana,Medium
369,Montana,Medium
370,Montana,Medium
371,Paseo,Medium
372,Paseo,Medium
373,Paseo,Medium
374,Paseo,Medium
375,Paseo,Medium
376,Paseo,Medium
377,Paseo,Medium
378,Paseo,Medium
379,Paseo,Medium
380,Paseo,Medium
381,Paseo,Medium
382,Paseo,Medium
383,Paseo,Medium
384,Velo,Medium
385,Velo,Medium
386,Velo,Medium
387,Velo,Medium
388,Velo,Medium
389,VTT,Medium
390,VTT,Medium
391,VTT,Medium
392,VTT,Medium
393,VTT,Medium
394,VTT,Medium
395,Amarilla,Medium
396,Amarilla,Medium
397,Amarilla,Medium
398,Amarilla,Medium
399,Amarilla,Medium
400,Amarilla,Medium
401,Amarilla,Medium
402,Amarilla,Medium
403,VTT,Medium
404,Carretera,Medium
405,Carretera,Medium
406,Montana,Medium
407,Montana,Medium
408,Montana,Medium
409,Montana,Medium
410,Montana,Medium
411,Montana,Medium
412,Montana,Medium
413,Montana,Medium
414,Paseo,Medium
415,Paseo,Medium
416,Paseo,Medium
417,Paseo,Medium
418,Paseo,Medium
419,Paseo,Medium
420,Paseo,Medium
421,Paseo,Medium
422,Paseo,Medium
423,Velo,Medium
424,Velo,Medium
425,Velo,Medium
426,Velo,Medium
427,Velo,Medium
428,Velo,Medium
429,VTT,Medium
430,VTT,Medium
431,VTT,Medium
432,VTT,Medium
433,VTT,Medium
434,VTT,Medium
435,VTT,Medium
436,VTT,Medium
437,Amarilla,Medium
438,Amarilla,Medium
439,Amarilla,Medium
440,Amarilla,Medium
441,Carretera,Medium
442,Carretera,Medium
443,Carretera,Medium
444,Carretera,Medium
445,Paseo,Medium
446,Paseo,Medium
447,Paseo,Medium
448,Velo,Medium
449,Velo,Medium
450,VTT,Medium
451,VTT,Medium
452,VTT,Medium
453,Amarilla,Medium
454,Amarilla,Medium
455,Amarilla,Medium
456,Carretera,High
457,Montana,High
458,Paseo,High
459,Carretera,High
460,Carretera,High
461,Montana,High
462,Montana,High
463,Montana,High
464,Paseo,High
465,Paseo,High
466,Paseo,High
467,Paseo,High
468,Velo,High
469,Velo,High
470,Velo,High
471,Velo,High
472,Velo,High
473,Velo,High
474,Velo,High
475,Velo,High
476,Velo,High
477,Velo,High
478,VTT,High
479,VTT,High
480,VTT,High
481,VTT,High
482,VTT,High
483,VTT,High
484,VTT,High
485,VTT,High
486,Amarilla,High
487,Amarilla,High
488,Amarilla,High
489,Amarilla,High
490,Amarilla,High
491,Amarilla,High
492,Amarilla,High
493,Amarilla,High
494,Amarilla,High
495,Carretera,High
496,Paseo,High
497,Paseo,High
498,Velo,High
499,Velo,High
500,VTT,High
501,VTT,High
502,Amarilla,High
503,Amarilla,High
504,Carretera,High
505,Carretera,High
506,Carretera,High
507,Carretera,High
508,Carretera,High
509,Carretera,High
510,Montana,High
511,Montana,High
512,Montana,High
513,Paseo,High
514,Paseo,High
515,Paseo,High
516,Paseo,High
517,Paseo,High
518,Paseo,High
519,Paseo,High
520,Paseo,High
521,Paseo,High
522,Paseo,High
523,Velo,High
524,Velo,High
525,Velo,High
526,Velo,High
527,VTT,High
528,VTT,High
529,VTT,High
530,Amarilla,High
531,Amarilla,High
532,Amarilla,High
533,Amarilla,High
534,Amarilla,High
535,Amarilla,High
536,Paseo,High
537,Carretera,High
538,Carretera,High
539,Carretera,High
540,Carretera,High
541,Montana,High
542,Montana,High
543,Montana,High
544,Montana,High
545,Montana,High
546,Montana,High
547,Paseo,High
548,Paseo,High
549,Paseo,High
550,Paseo,High
551,Paseo,High
552,Paseo,High
553,Paseo,High
554,Paseo,High
555,Paseo,High
556,Paseo,High
557,Paseo,High
558,Velo,High
559,Velo,High
560,Velo,High
561,VTT,High
562,VTT,High
563,VTT,High
564,VTT,High
565,VTT,High
566,VTT,High
567,Amarilla,High
568,Amarilla,High
569,Amarilla,High
570,Amarilla,High
571,Carretera,High
572,Montana,High
573,Paseo,High
574,VTT,High
575,VTT,High
576,Amarilla,High
577,Carretera,High
578,VTT,High
579,Carretera,High
580,Carretera,High
581,Carretera,High
582,Montana,High
583,Montana,High
584,Montana,High
585,Montana,High
586,Montana,High
587,Paseo,High
588,Paseo,High
589,Paseo,High
590,Paseo,High
591,Paseo,High
592,Paseo,High
593,Paseo,High
594,Paseo,High
595,Paseo,High
596,Paseo,High
597,Paseo,High
598,Paseo,High
599,Velo,High
600,Velo,High
601,Velo,High
602,Velo,High
603,Velo,High
604,Velo,High
605,Velo,High
606,Velo,High
607,VTT,High
608,VTT,High
609,Amarilla,High
610,Amarilla,High
611,Amarilla,High
612,Amarilla,High
613,Carretera,High
614,Carretera,High
615,Carretera,High
616,Carretera,High
617,Montana,High
618,Montana,High
619,Paseo,High
620,Paseo,High
621,Paseo,High
622,Paseo,High
623,VTT,High
624,Amarilla,High
625,Amarilla,High
626,Carretera,High
627,Carretera,High
628,Carretera,High
629,Carretera,High
630,Carretera,High
631,Carretera,High
632,Carretera,High
633,Montana,High
634,Montana,High
635,Montana,High
636,Montana,High
637,Montana,High
638,Montana,High
639,Paseo,High
640,Paseo,High
641,Paseo,High
642,Paseo,High
643,Paseo,High
644,Paseo,High
645,Paseo,High
646,Paseo,High
647,Paseo,High
648,Velo,High
649,Velo,High
650,Velo,High
651,Velo,High
652,Velo,High
653,VTT,High
654,VTT,High
655,VTT,High
656,VTT,High
657,VTT,High
658,VTT,High
659,Amarilla,High
660,Amarilla,High
661,Amarilla,High
662,Amarilla,High
663,Amarilla,High
664,Amarilla,High
665,Amarilla,High
666,Amarilla,High
667,Carretera,High
668,Carretera,High
669,Carretera,High
670,Montana,High
671,Paseo,High
672,Paseo,High
673,Paseo,High
674,Paseo,High
675,Paseo,High
676,Paseo,High
677,Paseo,High
678,Paseo,High
679,Paseo,High
680,Paseo,High
681,Paseo,High
682,Paseo,High
683,Velo,High
684,Velo,High
685,Velo,High
686,Velo,High
687,Velo,High
688,Velo,High
689,VTT,High
690,VTT,High
691,VTT,High
692,VTT,High
693,VTT,High
694,VTT,High
695,VTT,High
696,Amarilla,High
697,Amarilla,High
698,Montana,High
699,Paseo,High
700,VTT,High
